CHECK,Dia,Hora inicio,Hora final,Duración,Responsable,BAR,# VOL,ERROR,COMPLETO,Vol-1,Vol-2,Vol-3,Vol-4,Vol-5,Vol-6,Vol-7,Comentaris
FALSE,viernes-10,20:00,22:00,"2,00",,BÊTES DE FOIRE,2,OK,0,Vinka,Lucas Trufas,,,,,,
FALSE,viernes-10,21:00,23:00,"2,00",,KONVENT,2,OK,0,Marta Camuffi ,Adriano Cangemi,,,,,,
FALSE,viernes-10,22:45,23:45,"1,00",,BÊTES DE FOIRE,2,OK,0,Nando,Antho,,,,,,
FALSE,viernes-10,23:00,1:00,"2,00",,KONVENT,3,OK,0,Barbi B,Mili ,Vinka,,,,,
FALSE,viernes-10,23:00,1:00,"2,00",,KONVENT,3,OK,-3,,,,,,,,
FALSE,viernes-10,23:00,1:00,"2,00",,KONVENT,3,OK,-3,,,,,,,,
FALSE,viernes-10,23:00,1:00,"2,00",,KONVENT,3,OK,-3,,,,,,,,
FALSE,viernes-10,1:00,2:30,"1,50",,KONVENT,2,OK,0,Berni K,Anna Benet,,,,,,
FALSE,sábado-11,16:00,18:00,"2,00",,KONVENT,2,OK,0,Konvent 2,Aroa,,,,,,
FALSE,sábado-11,18:00,20:00,"2,00",,KONVENT,2,OK,0,Darlini,Barbi B,,,,,,
FALSE,sábado-11,20:00,23:00,"3,00",,KONVENT,2,OK,1,Mili ,Marta Camuffi ,Laia,,,,,
FALSE,sábado-11,21:00,22:30,"1,50",,SIDE,2,OK,0,Giaco,Dodo,,,,,,
FALSE,sábado-11,23:00,1:00,"2,00",,KONVENT,2,OK,-2,,,,,,,,
FALSE,sábado-11,#REF!,3:00,#REF!,,KONVENT,3,OK,-1,,Nando,Mili ,,,,,
FALSE,sábado-11,3:00,5:00,"2,00",,KONVENT,2,OK,0,Joan Konvent,Vinka,,,,,,
FALSE,domingo-12,12:30,14:30,"2,00",,KONVENT,3,OK,0,Júlia,Anna Benet,Pep,,,,,
FALSE,domingo-12,14:30,16:30,"2,00",,KONVENT,2,OK,0,Mili ,Marta Camuffi ,,,,,,
FALSE,domingo-12,16:30,17:30,"1,00",,KONVENT,1,OK,0,Laia,,,,,,,
FALSE,domingo-12,16:30,18:30,"2,00",,BÊTES DE FOIRE,2,OK,0,Dodo,Choko,,,,,,
FALSE,domingo-12,18:30,20:30,"2,00",,BÊTES DE FOIRE,2,OK,0,Vinka,Caio,,,,,,
FALSE,jueves-16,18:00,20:30,"2,50",,KONVENT,2,OK,0,Santi Agüero,Marta Camuffi ,,,,,,
FALSE,jueves-16,20:30,22:30,"2,00",,KONVENT,2,OK,0,Nando,Hugo,,,,,,
FALSE,jueves-16,22:30,0:30,"2,00",,KONVENT,2,OK,0,Mae,Eva Morais,,,,,,
FALSE,jueves-16,0:30,1:30,"1,00",,KONVENT,2,OK,0,Zout ,Barbi B,,,,,,
FALSE,viernes-17,15:00,17:30,"2,50",,KONVENT,2,OK,0,,Mau,Zuska ,,,,,
FALSE,viernes-17,17:30,18:30,"1,00",,SIDE,2,OK,1,Dodo,Barbi B,Caio,,,,,
FALSE,viernes-17,19:00,20:00,"1,00",,SIDE,2,OK,1,Dodo,Barbi B,Caio,,,,,
FALSE,viernes-17,19:00,20:00,"1,00",,BÊTES DE FOIRE,2,OK,0,Marcelo,Juani,,,,,,
FALSE,viernes-17,20:30,21:45,"1,25",,BÊTES DE FOIRE,1,OK,0,Samine (Nour Kara),,,,,,,
FALSE,viernes-17,21:00,23:00,"2,00",,KONVENT,2,OK,1,Marta Camuffi ,Mae,Eva Morais,,,,,
FALSE,viernes-17,23:00,1:00,"2,00",,KONVENT,3,OK,0,Humberto ,Andres Lerena,Samine (Nour Kara),,,,,
FALSE,viernes-17,1:00,2:45,"1,75",,KONVENT,3,OK,-3,,,,,,,,
FALSE,sábado-18,17:30,19:30,"2,00",,BÊTES DE FOIRE,2,OK,0,Marta Camuffi ,Barbi B,,,,,,
FALSE,sábado-18,20:30,22:00,"1,50",,BÊTES DE FOIRE,2,OK,0,Garu,Eva Morais,,,,,,
FALSE,sábado-18,21:30,23:30,"2,00",,KONVENT,2,OK,1,Edgar (ver dias),Mau,Sophie ,,,,,
FALSE,sábado-18,22:30,0:30,"2,00",,KONVENT,3,OK,0,Barbi B,Barbara Ford,Mili ,,,,,
FALSE,domingo-19,0:30,2:30,"2,00",,KONVENT,3,OK,0,Tavo,Nando,Choko,,,,,
FALSE,domingo-19,2:30,5,"21,50",,KONVENT,3,OK,-1,Elsa,David,,,,,,
FALSE,domingo-19,12:30,14:30,"2,00",,KONVENT,3,OK,-1,Mili ,Marta Camuffi ,,,,,,
FALSE,domingo-19,14:30,16:30,"2,00",,KONVENT,2,OK,0,Caio,Barbi B,,,,,,
FALSE,domingo-19,16:30,18:30,"2,00",,KONVENT,2,OK,0,Marta Camuffi ,Sophie ,,,,,,
FALSE,domingo-19,19:30,20:30,"1,00",,SIDE,2,OK,0,Barbi B,Mili ,,,,,,
FALSE,domingo-19,21:30,22:30,"1,00",,SIDE,2,OK,-1,Barbi B,,,,,,,