CHECK,Dia,Hora inicio,Hora final,Duración,Espacio,Responsable,Tarea,Nº voluntarios,ERROR,COMPLETO,Técnico sonido,Técnico luces,Voluntario 1,Voluntario 2,Voluntario 3,Voluntario 4,Voluntario 5,Voluntario 6,Comentaris
FALSE,lunes-6,9:00,13:00,"4,00",Teatro,Emi,Ensayo Crulab,0,OK,0,,,,,,,,,
FALSE,lunes-6,9:00,13:00,"4,00",Side!,Gil,Montaje carpa Side!,4,OK,1,Antho,Choko,Hugo,Humberto ,Mae,,,,
FALSE,lunes-6,14:00,18:00,"4,00",Side!,Gil,Montaje carpa Side!,4,OK,1,Antho,Choko,Hugo,Humberto ,Mae,,,,
FALSE,lunes-6,14:00,18:00,"4,00",Teatro,Emi,Ensayo Crulab,0,OK,0,,,,,,,,,
FALSE,martes-7,9:00,13:00,"4,00",Teatro,,Ensayo Crulab,0,OK,0,,,,,,,,,
FALSE,martes-7,9:00,13:00,"4,00",BTF,,Montaje carpa BTF,5,OK,0,Humberto ,Zout ,Mae,Hugo,Choko,,,,
FALSE,martes-7,9:00,13:00,"4,00",Campo futbol,,Montaje Bleu Électrique,2,OK,0,Antho,Lucas Trufas,,,,,,,
FALSE,martes-7,10:00,12:00,"2,00",Konvent,,Viaje deixalleria,1,OK,0,Antho,,,,,,,,
FALSE,martes-7,14:00,18:00,"4,00",Teatro,,Ensayo Crulab,0,OK,0,,,,,,,,,
FALSE,martes-7,14:00,18:00,"4,00",BTF,,Montaje carpa BTF,5,OK,0,Humberto ,Zout ,Mae,Hugo,Choko,,,,
FALSE,martes-7,14:00,18:00,"4,00",Campo futbol,,Ensayos Bleu Électrique,0,OK,0,,,,,,,,,
FALSE,miércoles-8,9:00,13:00,"4,00",Teatro,,Ensayo Crulab,1,OK,0,Zout ,,,,,,,,
FALSE,miércoles-8,9:00,13:00,"4,00",Columnes,,Ensayos Bleu Électrique,0,OK,0,,,,,,,,,
FALSE,miércoles-8,9:00,13:00,"4,00",BTF,,Ensayos Bêtes de foire,0,OK,0,,,,,,,,,
FALSE,miércoles-8,9:00,13:00,"4,00",BTF,,Ensayos Bêtes de foire,0,OK,0,,,,,,,,,
FALSE,miércoles-8,9:00,13:00,"4,00",Transporte,,Recogida material técnico,2,OK,0,Isaac,Isma,,,,,,,
FALSE,miércoles-8,9:00,11:00,"2,00",Escèniques,,Limpieza Escèniques y oscurecer,3,OK,0,Zout ,Mae,Hugo,,,,,,
FALSE,miércoles-8,10:00,14:00,"4,00",BTF,,Electricitat carpes,1,OK,0,Gil,,,,,,,,
FALSE,miércoles-8,9:00,11:00,"2,00",Piano,,Limpieza Piano,2,OK,0,Choko,Humberto ,,,,,,,
FALSE,miércoles-8,10:00,14:00,"4,00",BTF,,ECA carpes,1,OK,0,Gil,,,,,,,,
FALSE,miércoles-8,14:00,18:00,"4,00",Side!,,Ensayo Crulab,1,OK,0,Zout ,,,,,,,,
FALSE,miércoles-8,14:00,18:00,"4,00",Transporte,,Recogida material técnico,2,OK,0,Isaac,Isma,,,,,,,
FALSE,miércoles-8,14:00,18:00,"4,00",Columnes,,Ensayos Bleu Électrique,0,OK,0,,,,,,,,,
FALSE,miércoles-8,14:00,18:00,"4,00",Columnes,,Ensayos Bêtes de foire,0,OK,0,,,,,,,,,
FALSE,jueves-9,9:00,13:00,"4,00",Teatro,,Ensayo Crulab,0,OK,0,,,,,,,,,
FALSE,jueves-9,9:00,13:00,"4,00",Columnes,,Ensayos Bleu Électrique,0,OK,0,,,,,,,,,
FALSE,jueves-9,10:00,13:00,"3,00",Teatro,,Montajes,6,OK,0,Zout ,Mae,Hugo,Choko,Isaac,Isma,,,
FALSE,jueves-9,9:00,13:00,"4,00",Nau Cirk,,Ensayos Bêtes de foire,0,OK,0,,,,,,,,,
FALSE,jueves-9,14:00,18:00,"4,00",Side!,,Ensayo Crulab,0,OK,0,,,,,,,,,
FALSE,jueves-9,14:00,18:00,"4,00",Campo de futbol,,Ensayo Bleu Électrique,0,OK,0,,,,,,,,,
FALSE,jueves-9,14:00,18:00,"4,00",Nau Cirk,,Ensayos Bêtes de foire,0,OK,0,,,,,,,,,
FALSE,viernes-10,9:00,13:00,"4,00",Side!,,Ensayo Crulab,0,OK,0,,,,,,,,,
FALSE,viernes-10,9:00,13:00,"4,00",Columnes,,Ensayos Bleu Électrique,0,OK,0,,,,,,,,,
FALSE,viernes-10,9:00,13:00,"4,00",Nau Cirk,,Ensayos Bêtes de foire,0,OK,0,,,,,,,,,
FALSE,viernes-10,11:00,13:00,"2,00",Konvent,,Montaje conciertos,2,OK,0,Ildu,Hugo,,,,,,,
FALSE,viernes-10,11:30,13:30,"2,00",Plaça Gir,,Montaje Copyleft,4,OK,0,Isma,Isaac,Choko,Manue,,,,,
FALSE,viernes-10,14:00,18:00,"4,00",Side!,,Ensayo Crulab,0,OK,0,,,,,,,,,
FALSE,viernes-10,14:00,18:00,"4,00",Side!,,Ensayo Bleu Électrique,0,OK,0,,,,,,,,,
FALSE,viernes-10,14:00,18:00,"4,00",Nau Cirk,,Ensayos Bêtes de foire,0,OK,0,,,,,,,,,
FALSE,viernes-10,14:00,16:00,"2,00",Piano,,Montaje Rose Bif,2,OK,0,Mae,Samine (Nour Kara),,,,,,,
FALSE,viernes-10,15:00,17:00,"2,00",Església Gir,,Montaje Kamchatka,0,OK,0,,,,,,,,,
FALSE,viernes-10,16:30,17:45,"1,25",Església Gir,,Funcion Kamchatka,0,OK,0,,,,,,,,,
FALSE,viernes-10,18:00,20:00,"2,00",Església Gir,,Desmontaje Kamchatka,0,OK,0,,,,,,,,,
FALSE,viernes-10,19:30,20:30,"1,00",Plaça estació,,Función Copyleft,0,OK,0,,,,,,,,,
FALSE,viernes-10,20:30,22:00,"1,50",Plaça estació,,Desmontaje Copyleft,4,OK,0,Isma,Isaac,Choko,Pelayo,,,,,
FALSE,viernes-10,19:30,21:00,"1,50",Menjador 2,,Prova so Compost Collage,1,OK,0,Ildu,,,,,,,,
FALSE,viernes-10,19:30,21:00,"1,50",Menjador 2,,Prova so Erreur Jan,1,OK,0,Ildu,,,,,,,,
FALSE,viernes-10,22:00,22:45,"0,75",BTF,,Función Bêtes de foire,0,OK,0,,,,,,,,,
FALSE,viernes-10,23:00,23:30,"0,50",Menjador 2,,Line check,2,OK,0,Ildu,Zout ,,,,,,,
FALSE,viernes-10,23:30,-,"4,00",Menjador 2,,Conciertos,2,OK,0,Ildu,Zout ,,,,,,,
FALSE,sábado-11,9:00,13:00,"4,00",Teatro,,Ensayo Crulab,1,OK,0,Zout ,,,,,,,,
FALSE,sábado-11,9:00,13:00,"4,00",Campo de futbol,,Ensayo Bleu Électrique,1,OK,0,Antho,,,,,,,,
FALSE,sábado-11,10:00,14:00,"4,00",Escèniques,,"Miror a Casserres (gradas, ayuda,...)",2,OK,0,Samine (Nour Kara),Mae,,,,,,,
FALSE,sábado-11,10:00,13:00,"3,00",Escèniques,,Montaje Claudio Stellato i Rose Bif,2,OK,0,Isma,Isaac,,,,,,,
FALSE,sábado-11,14:00,18:00,"4,00",Teatro,,Ensayo Crulab,1,OK,0,Zout ,,,,,,,,
FALSE,sábado-11,14:00,15:30,"1,50",Piano,,"Montaje gradas Rose Bif, Claudio i Walid",2,OK,0,Giacomo Tartari,Clara Tuminelli,,,,,,,
FALSE,sábado-11,15:00,16:00,"1,00",Campo de futbol,,Ensayo Bleu Électrique,1,OK,0,Antho,,,,,,,,
FALSE,sábado-11,16:00,19:00,"3,00",Escèniques,,Ensayos Claudio Stellato,2,OK,0,Isma,Isaac,,,,,,,
FALSE,sábado-11,17:00,18:00,"1,00",Piano,,Función Rose Bif,0,OK,0,,,,,,,,,
FALSE,sábado-11,18:30,20:00,"1,50",Columnes,,Desmontaje Rose Bif i Walid,2,OK,-1,Humberto ,,,,,,,,
FALSE,sábado-11,19:00,19:30,"0,50",Columnes,,Función Walk in Progress Walid,2,OK,0,Isma,Isaac,,,,,,,
FALSE,sábado-11,19:30,20:00,"0,50",Columnes,,Función Walk in Progress Claudio ,2,OK,0,Isma,Isaac,,,,,,,
FALSE,sábado-11,18:30,22:30,"4,00",Columnes,,Desmontaje Walk in Progress Claudio,2,OK,0,Hugo,Pelayo,,,,,,,
FALSE,sábado-11,21:30,22:30,"1,00",Side!,,Función Dolores,0,OK,0,,,,,,,,,
FALSE,sábado-11,23:15,23:30,"0,25",Menjador 2,,Line check,1,OK,0,Ildu,,,,,,,,
FALSE,sábado-11,23:30,4:30,"4,00",Menjador 2,,Conciertos Konvent Klub,1,OK,0,Ildu,,,,,,,,
FALSE,domingo-12,9:00,13:00,"4,00",Side!,,Ensayo Bleu Électrique,0,OK,0,,,,,,,,,
FALSE,domingo-12,10:00,11:30,"1,50",Jardí,,Montaje concierto jardín,3,OK,0,Isma,Isaac,Giacomo Tartari,,,,,,
FALSE,domingo-12,12:00,13:00,"1,00",Jardí,,Montaje gradas Miror,2,OK,0,Tim Workaway,Lukas Kanneman,,,,,,,
FALSE,domingo-12,11:30,13:00,"1,50",Jardí,,Pruebas sonido jardín,2,OK,0,Isma,Isaac,,,,,,,
FALSE,domingo-12,13:30,14:30,"1,00",Jardí,,Concierto Inutile Randonnée,2,OK,0,Isma,Isaac,,,,,,,
FALSE,domingo-12,15:00,15:30,"0,50",Jardí,,Desmontaje concierto ,4,OK,-1,Barbi B,Clara Tuminelli,,Mae,,,,,
FALSE,domingo-12,14:00,18:00,"4,00",Teatro,,Ensayo Crulab,1,OK,0,Zout ,,,,,,,,
FALSE,domingo-12,16:00,17:00,"1,00",Basquet,,Función Miror,0,OK,0,,,,,,,,,
FALSE,domingo-12,17:30,19:30,"2,00",Basquet,,Desmontaje Miror,2,OK,0,Tim Workaway,Lukas Kanneman,,,,,,,
FALSE,domingo-12,17:30,18:15,"0,75",Campo futbol,,Función Bleu Électrique,0,OK,0,,,,,,,,,
FALSE,domingo-12,18:30,20:30,"2,00",Campo futbol,,Desmontaje Bleu Électrique,3,OK,0,Choko,Humberto ,Hugo,,,,,,
FALSE,domingo-12,19:00,20:30,"1,50",BTF,,Función Bêtes de foire,0,OK,0,,,,,,,,,
FALSE,domingo-12,20:30,21:30,"1,00",Teatro,,Función Crulab,1,OK,0,Zout ,,,,,,,,
FALSE,,,,,,,,,,,,,,,,,,,
FALSE,,,,,,,,,,,,,,,,,,,
FALSE,,,,,,,,,,,,,,,,,,,
FALSE,,,,,,,,,,,,,,,,,,,
FALSE,,,,,,,,,,,,,,,,,,,
FALSE,,,,,,,,,,,,,,,,,,,
FALSE,,,,,,,,,,,,,,,,,,,
FALSE,,,,,,,,,,,,,,,,,,,
FALSE,,,,,,,,,,,,,,,,,,,
FALSE,,,,,,,,,,,,,,,,,,,
FALSE,,,,,,,,,,,,,,,,,,,
FALSE,,,,,,,,,,,,,,,,,,,
FALSE,,,,,,,,,,,,,,,,,,,
FALSE,,,,,,,,,,,,,,,,,,,
FALSE,,,,,,,,,,,,,,,,,,,
FALSE,,,,,,,,,,,,,,,,,,,
FALSE,,,,,,,,,,,,,,,,,,,
FALSE,,,,,,,,,,,,,,,,,,,
FALSE,,,,,,,,,,,,,,,,,,,
FALSE,,,,,,,,,,,,,,,,,,,
FALSE,,,,,,,,,,,,,,,,,,,
FALSE,,,,,,,,,,,,,,,,,,,
FALSE,,,,,,,,,,,,,,,,,,,
FALSE,,,,,,,,,,,,,,,,,,,
FALSE,,,,,,,,,,,,,,,,,,,
FALSE,,,,,,,,,,,,,,,,,,,
FALSE,,,,,,,,,,,,,,,,,,,
FALSE,,,,,,,,,,,,,,,,,,,
FALSE,,,,,,,,,,,,,,,,,,,
FALSE,,,,,,,,,,,,,,,,,,,
FALSE,,,,,,,,,,,,,,,,,,,
FALSE,,,,,,,,,,,,,,,,,,,
FALSE,,,,,,,,,,,,,,,,,,,
FALSE,,,,,,,,,,,,,,,,,,,
FALSE,,,,,,,,,,,,,,,,,,,
FALSE,,,,,,,,,,,,,,,,,,,
FALSE,,,,,,,,,,,,,,,,,,,
FALSE,,,,,,,,,,,,,,,,,,,
FALSE,,,,,,,,,,,,,,,,,,,