Nombre,GRUPO,EQUIPO,DISPO,6-abr,7-abr,8-abr,9-abr,10-abr,11-abr,12-abr,13-abr,14-abr,15-abr,16-abr,17-abr,18-abr,19-abr,20-abr,21-abr,22-abr,,Aptitudes
Ado,VOLUNTARIAS,"TÉCNICA, NETEJA, CUINA",50,0,0,0,0,0,0,0,0,0,0,1,1,1,1,0,0,0,,
Adriano Cangemi,VOLUNTARIAS,"CUINA, NETEJA, BAR",100,0,0,0,1,1,1,1,0,0,0,0,0,0,0,0,0,0,,
Ana Ortiz,VOLUNTARIAS,CUINA,100,0,0,0,0,0,0,0,0,0,1,1,1,1,1,0,0,0,,
Ana (que ana?ver dias?,VOLUNTARIAS,CUINA,100,0,0,0,0,0,0,0,0,0,1,1,1,1,1,1,1,1,,
Andrea Echevarria ,VOLUNTARIAS,"CUINA, BAR",100,0,0,0,0,1,1,1,0,0,0,0,0,0,0,0,0,0,,
Andres Lerena,VOLUNTARIAS,"TÉCNICA, BAR, NETEJA",50,0,0,0,0,0,0,0,0,0,1,1,1,1,1,0,0,0,,Técnico
Antho,VOLUNTARIAS,"TÉCNICA, BAR",50,1,1,0,0,1,1,0,0,0,0,0,0,0,0,0,0,0,,Técnico (sonido)
Antoine,VOLUNTARIAS,BAR,100,0,0,0,0,1,1,0,0,0,0,0,0,0,0,0,0,0,,
Aroa,VOLUNTARIAS,"CUINA, BAR, NETEJA",100,0,0,0,1,1,1,1,1,0,0,0,0,0,0,0,0,0,,
Barbara Ford,VOLUNTARIAS,"BAR, CUINA, NETEJA",100,0,0,0,0,0,0,0,0,0,0,0,1,1,0,0,0,0,,
Barbi B,VOLUNTARIAS,"TÉCNICA, BAR, CUINA, NETEJA",50,0,0,0,1,1,1,1,0,0,0,1,1,1,1,1,0,0,,
Berni K,CASA,"NETEJA, BAR",100,1,0,0,0,1,0,0,0,0,0,0,0,0,0,0,0,0,,
Blaise,VOLUNTARIAS,NETEJA,100,0,0,0,0,1,1,0,0,0,0,0,0,0,0,0,0,0,,
Caio,VOLUNTARIAS,"CUINA, NETEJA, BAR",100,0,0,0,0,0,0,1,1,1,1,1,1,1,1,1,1,0,,
Cate,VOLUNTARIAS,CUINA,100,1,1,1,1,1,1,1,1,1,1,1,1,1,1,1,1,1,,
Ceci,VOLUNTARIAS,NETEJA,100,1,1,1,1,0,0,0,0,0,0,0,0,0,0,0,0,0,,
Ceci,VOLUNTARIAS,"NETEJA, CUINA",100,1,1,1,1,0,0,0,0,0,0,0,0,0,0,0,0,0,,
Cèl Legaz (ver dias),VOLUNTARIAS,"BILLETERÍA, CUINA",100,1,1,1,1,1,1,1,1,1,1,1,1,1,1,1,1,1,,
Chiva,VOLUNTARIAS,"CUINA, NETEJA",100,0,0,0,0,0,0,0,0,0,0,1,1,1,1,0,0,0,,
Choko,VOLUNTARIAS,"TÉCNICA, BAR, NETEJA",50,1,1,1,1,1,1,1,0,0,0,1,1,1,1,1,1,0,,
Clara Tuminelli,VOLUNTARIAS,"TÉCNICA, BAR, CUINA, NETEJA",50,0,0,0,1,1,1,1,0,0,0,0,0,0,0,0,0,0,,Montaje
Claudia Mirambell,VOLUNTARIAS,"CUINA, NETEJA",100,0,0,0,0,0,0,0,0,0,0,0,1,1,1,0,0,0,,
Damla,VOLUNTARIAS,BAR,100,0,0,0,0,0,0,0,0,0,1,1,1,1,1,0,0,0,,
Damla ,VOLUNTARIAS,"NETEJA, CUINA",100,0,0,0,0,0,0,0,0,0,1,1,1,1,1,1,1,1,,
David Perez (video),VOLUNTARIAS,VIDEO,,0,0,0,0,1,1,1,1,1,0,0,0,0,0,0,0,0,,
Do,VOLUNTARIAS,"CUINA, BAR, NETEJA",100,0,0,0,0,0,0,0,0,0,0,1,1,1,1,0,0,0,,
Dodo,SIDE,BAR,100,0,0,0,1,1,1,1,1,1,1,1,1,1,1,1,1,1,,
Dzo,VOLUNTARIAS,CUINA,100,0,0,0,1,1,1,1,1,1,1,1,1,1,1,1,1,1,,
Edgar (ver dias),VOLUNTARIAS,"CUINA, BAR, NETEJA, TÉCNICA",50,1,1,1,1,1,1,0,0,0,0,0,0,1,1,0,0,0,,
Elsa Charboneau,VOLUNTARIAS,"CUINA, NETEJA",100,0,0,0,0,0,1,1,0,0,0,1,1,1,1,0,0,0,,
Emi,CASA,TÉCNICA,100,0,0,0,0,0,0,0,1,1,1,1,1,1,1,1,1,0,,
Eva Morais,VOLUNTARIAS,"BAR, TÉCNICA, NETEJA",50,0,0,0,0,0,0,0,0,0,1,1,1,1,1,0,0,0,,
Felix,VOLUNTARIAS,TÉCNICA,100,0,0,0,0,0,0,0,1,1,1,1,1,1,1,0,0,0,,técnico (sonido)
Flavia,VOLUNTARIAS,"CUINA, TÉCNICA, NETEJA",50,0,0,0,0,0,0,0,0,0,1,1,1,1,1,1,0,0,,
Frana,VOLUNTARIAS,"TÉCNICA, BAR",50,0,0,0,0,0,0,0,0,0,0,0,1,1,1,0,0,0,,
,VOLUNTARIAS,"CUINA, TÉCNICA",50,0,0,0,0,0,0,0,0,0,0,1,1,1,1,1,0,0,,
Frizzo,VOLUNTARIAS,"CUINA, NETEJA",100,0,0,0,0,0,0,0,0,0,1,1,1,1,1,1,0,0,,
Garu,VOLUNTARIAS,"TÉCNICA, BAR, NETEJA",50,0,0,0,0,0,0,0,0,0,0,0,1,1,1,1,0,0,,
Georgi,VOLUNTARIAS,"TÉCNICA, CUINA, NETEJA",50,0,0,0,0,0,0,0,0,0,0,1,1,1,1,1,0,0,,
Germán,VOLUNTARIAS,"TÉCNICA, BAR",50,0,0,0,0,0,0,0,0,0,0,0,1,1,1,0,0,0,,técnico (sonido)
Giaco,SIDE,"TÉCNICA, BAR, NETEJA",50,0,1,1,1,1,1,1,0,0,0,0,0,0,0,0,0,0,,
Giacomo Tartari,VOLUNTARIAS,"TÉCNICA, CUINA, NETEJA",50,0,0,0,1,1,1,1,0,0,0,0,0,0,0,0,0,0,,Montaje
Gil,CASA,TÉCNICA,100,1,1,1,1,1,1,1,1,1,1,1,1,1,1,1,1,0,,
Gina,VOLUNTARIAS,"CUINA, NETEJA",100,1,1,1,1,1,1,1,0,0,0,0,0,0,0,0,0,0,,
Helene,VOLUNTARIAS,"NETEJA, CUINA",100,0,0,0,0,0,0,0,0,0,1,1,1,1,1,1,0,0,,
Hugo,VOLUNTARIAS,"TÉCNICA, BAR, NETEJA, CUINA",50,1,1,1,1,1,1,1,1,1,1,1,1,1,1,0,0,0,,Técnico (luces)
Humberto ,VOLUNTARIAS,"TÉCNICA, CUINA, NETEJA, BAR",50,1,1,1,1,1,1,1,0,0,0,1,1,1,1,0,0,0,,
Ildu,CASA,TÉCNICA,100,1,1,1,0,1,1,0,0,0,0,0,0,0,1,1,1,1,,
Isaac,CASA,TÉCNICA,100,1,1,1,1,1,1,1,1,1,1,1,1,1,1,1,1,0,,
Isma,CASA,TÉCNICA,100,1,1,1,1,1,1,1,1,1,1,1,1,1,1,1,1,0,,
Jet,VOLUNTARIAS,TÉCNICA,100,0,0,0,0,0,0,0,0,0,1,1,1,1,1,1,0,0,,
Joe Makintosh+2kids,VOLUNTARIAS,"CUINA, NETEJA",100,0,0,0,0,0,0,0,0,0,0,1,1,1,1,0,0,0,,
Jorge Piera,VOLUNTARIAS,"BAR, CUINA",100,0,0,0,0,0,1,1,0,0,1,1,1,1,1,0,0,0,,
Juani,VOLUNTARIAS,"CUINA, NETEJA, BAR",100,0,0,0,0,0,0,0,1,1,1,1,1,1,1,1,0,0,,
Judit,VOLUNTARIAS,CUINA,100,0,0,0,0,0,0,0,0,0,1,1,1,1,1,0,0,0,,
Juli,CASA,TÉCNICA,100,1,1,1,1,1,1,1,1,1,1,1,1,1,1,1,1,0,,
Konvent 1,CASA,"BAR, CUINA",100,1,1,1,1,1,1,1,0,0,0,0,0,0,0,0,0,0,,
Konvent 2,CASA,"BAR, CUINA",100,1,1,1,1,1,1,1,0,0,0,0,0,0,0,0,0,0,,
Konvent 3,CASA,"BAR, CUINA",100,1,1,1,1,1,1,1,0,0,0,0,0,0,0,0,0,0,,
La Negra,VOLUNTARIAS,"BAR, CUINA, NETEJA",100,0,0,0,1,1,1,1,1,1,1,1,1,1,0,0,0,0,,
Lisi,CASA,NETEJA,100,1,0,0,0,0,0,0,0,0,0,0,0,0,0,0,0,0,,
Llorenç,CASA,CUINA,100,1,1,1,1,0,0,0,0,0,0,0,0,0,0,0,0,0,,
Lucas Trufas,VOLUNTARIAS,"CUINA, BAR, TÉCNICA",50,1,1,0,0,1,1,1,0,0,0,0,0,0,0,0,0,0,,
Lukas Kanneman,VOLUNTARIAS,"TÉCNICA, CUINA, BAR, NETEJA",50,0,0,0,0,0,0,1,1,1,1,1,1,1,1,1,0,0,,Técnico (luces)
Mae,VOLUNTARIAS,"TÉCNICA, BAR",50,1,1,1,1,1,1,1,1,1,1,1,1,1,1,1,1,0,,Técnico (luces)
Manue,SIDE,TÉCNICA,100,0,1,1,1,1,1,1,0,0,0,0,0,0,0,0,0,0,,
Maria Tur,VOLUNTARIAS,CUINA,100,0,0,0,0,0,1,1,0,0,0,0,0,0,0,0,0,0,,
Marina Escobar,VOLUNTARIAS,CUINA,100,CONFIRMAR,CONFIRMAR,CONFIRMAR,CONFIRMAR,CONFIRMAR,CONFIRMAR,CONFIRMAR,CONFIRMAR,CONFIRMAR,CONFIRMAR,CONFIRMAR,CONFIRMAR,CONFIRMAR,CONFIRMAR,CONFIRMAR,CONFIRMAR,CONFIRMAR,,
Marta Camuffi ,VOLUNTARIAS,"BAR, CUINA, NETEJA",100,0,0,0,1,1,1,1,0,0,0,1,1,1,1,0,0,0,,
Marta Lofi,CASA,NETEJA,100,1,0,0,0,0,0,0,0,0,0,0,0,0,0,0,0,0,,
Martina (Ver dias),VOLUNTARIAS,CUINA,100,0,0,0,0,0,0,0,1,1,1,1,1,1,1,1,1,1,,
Marylka,VOLUNTARIAS,,,0,0,0,0,0,0,0,0,0,0,0,0,0,0,0,0,0,,
Migui/ Linda,VOLUNTARIAS,"CUINA, NETEJA",100,0,0,0,0,0,1,1,1,1,1,1,1,1,1,0,0,0,,
Mili ,VOLUNTARIAS,"BAR, CUINA, NETEJA",100,0,0,0,0,1,1,1,0,0,0,0,1,1,1,0,0,0,,
Morgane,VOLUNTARIAS,"CUINA, BAR, NETEJA",100,0,0,0,0,0,0,0,0,0,0,0,0,0,0,0,0,0,,
Nando,VOLUNTARIAS,"TÉCNICA, NETEJA, BAR",50,0,0,0,1,1,1,1,1,1,1,1,1,1,1,0,0,0,,
Nicola Paniko,VOLUNTARIAS,CUINA,100,0,0,0,0,1,1,1,0,0,0,0,0,0,0,0,0,0,,
Olga,VOLUNTARIAS,"CUINA, BAR",100,0,0,0,0,0,0,0,0,0,0,0,0,0,0,0,0,0,,
Paola ,VOLUNTARIAS,"NETEJA, CUINA",100,1,1,1,1,1,1,1,1,1,1,1,1,1,1,1,1,1,,
Petra,VOLUNTARIAS,CUINA,100,0,0,0,0,1,1,1,0,0,0,0,0,0,0,0,0,0,,
Pili,VOLUNTARIAS,CUINA,100,1,1,1,1,0,0,0,0,0,0,0,0,0,0,1,1,0,,
Quim,CASA,,,0,0,0,0,0,0,0,0,0,0,0,0,0,0,0,0,0,,
Renoz,CASA,CUINA,100,1,1,1,1,1,1,1,1,1,1,1,1,1,1,1,1,1,,
Salva,SIDE,TÉCNICA,100,0,1,1,1,1,1,1,0,0,0,0,0,0,0,0,0,0,,
Samine (Nour Kara),VOLUNTARIAS,"BAR, CUINA, NETEJA",100,0,1,1,1,1,1,0,0,0,1,1,1,1,1,0,0,0,,
Santi Agüero,VOLUNTARIAS,"BAR, CUINA, NETEJA",100,0,0,0,0,0,0,0,0,0,1,1,1,0,0,0,0,0,,
Sophie ,SIDE,"NETEJA, CUINA, BAR",100,0,0,0,0,0,0,0,0,0,0,1,1,1,1,1,1,1,,
Tavo,VOLUNTARIAS,"TÉCNICA, BAR, NETEJA",50,0,0,0,0,0,0,0,0,0,0,1,1,1,1,0,0,0,,
Tim Works Here,VOLUNTARIAS,"TÉCNICA, BAR",50,0,1,1,1,1,1,1,1,1,1,1,1,1,1,0,0,0,,
Vinka,VOLUNTARIAS,"BAR, NETEJA",100,0,0,0,0,1,1,1,1,1,1,1,1,1,1,1,1,0,,
Vinny,CASA,NETEJA,100,0,0,1,1,0,0,0,0,0,0,0,0,0,0,0,0,0,,
Walid,VOLUNTARIAS,BAR,100,0,0,0,0,0,1,1,0,0,0,0,0,0,0,0,0,0,,
Yagiz ,VOLUNTARIAS,"NETEJA, CUINA, BAR",100,0,0,0,0,0,0,0,0,0,0,1,1,1,1,1,1,1,,
Zeynep Kuyumcu,VOLUNTARIAS,CUINA,100,0,0,0,0,0,0,0,0,0,0,1,1,1,1,0,0,0,,
Zout ,VOLUNTARIAS,"TÉCNICA, BAR",50,1,1,1,1,1,1,1,1,1,1,1,1,1,1,1,1,0,,
Zuska ,VOLUNTARIAS,"BAR, NETEJA, CUINA",100,0,0,0,0,0,0,0,0,0,1,1,1,1,0,0,0,0,,
Darlini,VOLUNTARIAS,"NETEJA, CUINA, BAR",100,0,0,1,1,1,1,1,0,0,0,0,0,0,0,0,0,0,,
Léa,VOLUNTARIAS,"CUINA, NETEJA",100,0,0,0,0,1,1,1,0,0,0,0,0,0,0,0,0,0,,
Pelayo,VOLUNTARIAS,TÉCNICA,100,0,0,0,0,1,1,1,0,1,1,1,1,1,1,1,0,0,,
Venus,CASA,BAR,100,0,0,0,0,1,0,0,0,0,0,,,,,,,,,
Anna Benet,CASA,BAR,100,0,0,0,0,1,1,1,0,0,0,0,1,1,1,0,0,0,,
Júlia,CASA,BAR,100,0,0,0,0,0,0,1,0,0,0,0,0,0,0,0,0,0,,
Pep,CASA,BAR,100,0,0,0,0,0,0,1,0,0,0,0,0,0,0,0,0,0,,
Joan Konvent,CASA,BAR,100,0,0,0,0,0,1,0,0,0,0,0,1,1,1,0,0,0,,
Laia,CASA,BAR,100,0,0,0,0,0,1,1,0,0,0,0,,,,,,,,
,VOLUNTARIAS,"BAR, CUINA, NETEJA",100,0,0,0,0,0,0,0,0,0,1,1,1,1,1,1,1,1,,
Mau,VOLUNTARIAS,BAR,100,0,0,0,0,0,0,0,0,0,0,0,1,1,0,0,0,0,,
Giulia,VOLUNTARIAS,"CUINA, NETEJA, BAR",100,0,0,0,0,0,0,0,0,0,1,1,1,1,1,,,,,
Marcelo,VOLUNTARIAS,"BAR, CUINA, TÉCNICA, NETEJA",50,0,0,0,0,0,0,0,0,0,1,1,1,1,1,0,,,,
Alessia,VOLUNTARIAS,"CUINA, NETEJA",100,0,0,0,0,0,0,0,0,0,1,1,1,1,1,,,,,
Siani,VOLUNTARIAS,"CUINA, NETEJA",100,0,0,0,0,0,0,0,0,1,0,0,0,0,1,,,,,
Elsa,CASA,BAR,100,0,0,0,0,0,0,0,0,0,0,1,1,1,1,,,,,
David,CASA,BAR,100,0,0,0,0,0,0,0,0,0,0,1,1,1,1,,,,,
Julie,VOLUNTARIAS,BAR,100,0,0,0,0,0,0,0,0,0,0,1,1,1,1,,,,,
Malik,VOLUNTARIAS,TÉCNICA,100,0,0,0,0,0,0,0,0,0,0,1,1,1,1,1,1,1,,